"new_tree_id","sequencing_id","field","mother","father","cross"
"1986_22_26_22","i8626-22",22,"CRD","WAT","CRD_x_WAT"
"1986_22_27_15","i8627-15",22,"CRD","WAT","CRD_x_WAT"
"1986_22_27_19","i8627-19",22,"CRD","WAT","CRD_x_WAT"
"1986_22_27_22","i8627-22",22,"CRD","WAT","CRD_x_WAT"
"1986_22_27_6","i8627-6",22,"CRD","WAT","CRD_x_WAT"
"1986_22_27_8","i8627-8",22,"CRD","WAT","CRD_x_WAT"
"1986_22_28_10","i8628-10",22,"CRD","WAT","CRD_x_WAT"
"1986_22_28_20","i8628-20",22,"CRD","WAT","CRD_x_WAT"
"1986_22_28_21","i8628-21",22,"CRD","WAT","CRD_x_WAT"
"1986_22_28_22","i8628-22",22,"CRD","WAT","CRD_x_WAT"
"1986_22_29_10","i8629-10",22,"CRD","WAT","CRD_x_WAT"
"1986_22_29_22","i8629-22",22,"CRD","WAT","CRD_x_WAT"
"1986_22_29_25","i8629-25",22,"CRD","WAT","CRD_x_WAT"
"1986_22_30_10","i8630-10",22,"CRD","WAT","CRD_x_WAT"
"1986_22_30_9","i8630-9",22,"CRD","WAT","CRD_x_WAT"
"1986_22_31_5","i8631-5",22,"CRD","WAT","CRD_x_WAT"
"1986_22_32_14","i8632-14",22,"CRD","WAT","CRD_x_WAT"
"1986_22_32_17","i8632-17",22,"CRD","WAT","CRD_x_WAT"
"1986_22_32_2","i8632-2",22,"CRD","WAT","CRD_x_WAT"
"1986_22_32_6","i8632-6",22,"CRD","WAT","CRD_x_WAT"
"1986_22_34_14","i8634-14",22,"CRD","WAT","CRD_x_WAT"
"1986_22_36_16","i8636-16",22,"CRD","WAT","CRD_x_WAT"
"1986_22_36_20","i8636-20",22,"CRD","WAT","CRD_x_WAT"
"1986_22_36_23","i8636-23",22,"CRD","WAT","CRD_x_WAT"
"1986_22_36_5","i8636-5",22,"CRD","WAT","CRD_x_WAT"
"1986_22_36_6","i8636-6",22,"CRD","WAT","CRD_x_WAT"
"1986_22_36_8","i8636-8",22,"CRD","WAT","CRD_x_WAT"
"1986_22_37_12","i8637-12",22,"CRD","WAT","CRD_x_WAT"
"1986_22_37_14","i8637-14",22,"CRD","WAT","CRD_x_WAT"
"1986_22_37_16","i8637-16",22,"CRD","WAT","CRD_x_WAT"
"1986_22_38_20","i8638-20",22,"CRD","WAT","CRD_x_WAT"
"1986_22_40_2","i8640-2",22,"CRD","WAT","CRD_x_WAT"
"1986_22_40_4","i8640-4",22,"CRD","WAT","CRD_x_WAT"
"1986_22_41_21","i8641-21",22,"CRD","WAT","CRD_x_WAT"
"1986_22_41_23","i8641-23",22,"CRD","WAT","CRD_x_WAT"
"1986_22_41_6","i8641-6",22,"CRD","WAT","CRD_x_WAT"
"1986_22_41_7","i8641-7",22,"CRD","WAT","CRD_x_WAT"
"1986_22_41_8","i8641-8",22,"CRD","WAT","CRD_x_WAT"
"1986_22_42_8","i8642-8",22,"CRD","WAT","CRD_x_WAT"
"1986_22_43_11","i8643-11",22,"CRD","WAT","CRD_x_WAT"
"1986_22_43_24","i8643-24",22,"CRD","WAT","CRD_x_WAT"
"1986_22_43_4","i8643-4",22,"CRD","WAT","CRD_x_WAT"
"1986_22_44_13","i8644-13",22,"CRD","WAT","CRD_x_WAT"
"1986_22_44_17","i8644-17",22,"CRD","WAT","CRD_x_WAT"
"1986_22_44_3","i8644-3",22,"CRD","WAT","CRD_x_WAT"
"1986_22_44_4","i8644-04",22,"CRD","WAT","CRD_x_WAT"
"1986_22_45_5","i8645-5",22,"CRD","WAT","CRD_x_WAT"
"1986_22_46_14","i8646-14",22,"CRD","WAT","CRD_x_WAT"
"1986_22_46_3","i8646-3",22,"CRD","WAT","CRD_x_WAT"
"1986_22_46_7","i8646-7",22,"CRD","WAT","CRD_x_WAT"
"1986_22_47_10","i8647-10",22,"CRD","WAT","CRD_x_WAT"
"1986_22_47_11","i8647-11",22,"CRD","WAT","CRD_x_WAT"
"1986_22_47_7","i8647-7",22,"CRD","WAT","CRD_x_WAT"
"1986_22_48_12","i8648-12",22,"CRD","WAT","CRD_x_WAT"
"1986_22_48_16","i8648-16",22,"CRD","WAT","CRD_x_WAT"
"1986_22_48_22","i8648-22",22,"CRD","WAT","CRD_x_WAT"
"1986_22_48_23","i8648-23",22,"CRD","WAT","CRD_x_WAT"
"1986_22_48_6","i8648-6",22,"CRD","WAT","CRD_x_WAT"
"1986_22_49_14","i8649-14",22,"CRD","WAT","CRD_x_WAT"
"1986_22_49_16","i8649-16",22,"CRD","WAT","CRD_x_WAT"
"1986_22_49_19","i8649-19",22,"CRD","WAT","CRD_x_WAT"
"1986_22_50_18","i8650-18",22,"CRD","WAT","CRD_x_WAT"
"1986_22_50_4","i8650-4",22,"CRD","WAT","CRD_x_WAT"
"1986_22_50_6","i8650-6",22,"CRD","WAT","CRD_x_WAT"
"1986_22_51_4","i8651-4",22,"CRD","WAT","CRD_x_WAT"
"1986_22_51_9","i8651-9",22,"CRD","WAT","CRD_x_WAT"
"1986_22_53_3","i8653-3",22,"CRD","WAT","CRD_x_WAT"
"1986_22_53_9","i8653-9",22,"CRD","WAT","CRD_x_WAT"
"1986_22_54_17","i8654-17",22,"CRD","WAT","CRD_x_WAT"
"1986_22_54_23","i8654-23",22,"CRD","WAT","CRD_x_WAT"
"1986_22_55_10","i8655-10",22,"CRD","WAT","CRD_x_WAT"
"1986_22_55_17","i8655-17",22,"CRD","WAT","CRD_x_WAT"
"1986_22_55_8","i8655-8",22,"CRD","WAT","CRD_x_WAT"
"1986_22_56_11","i8656-11",22,"CRD","WAT","CRD_x_WAT"
"1986_22_56_2","i8656-2",22,"CRD","WAT","CRD_x_WAT"
"1986_22_56_6","i8656-06",22,"CRD","WAT","CRD_x_WAT"
"1986_22_57_22","i8657-22",22,"CRD","WAT","CRD_x_WAT"
"1986_22_58_12","i8658-12",22,"CRD","WAT","CRD_x_WAT"
"1986_22_58_14","i8658-14",22,"CRD","WAT","CRD_x_WAT"
"1986_22_58_15","i8658-15",22,"CRD","WAT","CRD_x_WAT"
"1986_22_58_16","i8658-16",22,"CRD","WAT","CRD_x_WAT"
"1986_22_58_25","i8658-25",22,"CRD","WAT","CRD_x_WAT"
"1986_22_58_7","i8658-7",22,"CRD","WAT","CRD_x_WAT"
"1986_22_58_8","i8658-8",22,"CRD","WAT","CRD_x_WAT"
"1986_22_59_16","i8659-16",22,"CRD","WAT","CRD_x_WAT"
"1986_22_59_19","i8659-19",22,"CRD","WAT","CRD_x_WAT"
"1986_22_59_20","i8659-20",22,"CRD","WAT","CRD_x_WAT"
"1986_22_60_5","i8660-5",22,"CRD","WAT","CRD_x_WAT"
"1986_22_61_24","i8661-24",22,"CRD","WAT","CRD_x_WAT"
"1986_22_61_9","i8661-9",22,"CRD","WAT","CRD_x_WAT"
"1986_22_62_7","i8662-7",22,"CRD","WAT","CRD_x_WAT"
"1986_22_63_3","i8663-3",22,"CRD","WAT","CRD_x_WAT"
"1986_22_63_5","i8663-5",22,"CRD","WAT","CRD_x_WAT"
"1986_22_63_7","i8663-7",22,"CRD","WAT","CRD_x_WAT"
"1986_22_63_8","i8663-8",22,"CRD","WAT","CRD_x_WAT"
"1986_22_63_9","i8663-9",22,"CRD","WAT","CRD_x_WAT"
"1986_22_64_14","i8664-14",22,"CRD","WAT","CRD_x_WAT"
"1986_22_64_25","i8664-25",22,"CRD","WAT","CRD_x_WAT"
"1986_22_64_8","i8664-8",22,"CRD","WAT","CRD_x_WAT"
"1988_23_10_15","i8810-15",23,"WAT","VTT","WAT_x_VTT"
"1988_23_10_20","i8810-20",23,"WAT","VTT","WAT_x_VTT"
"1988_23_10_5","i8810-5",23,"WAT","VTT","WAT_x_VTT"
"1988_23_11_23","i8811-23",23,"WAT","VTT","WAT_x_VTT"
"1988_23_11_4","i8811-4",23,"WAT","VTT","WAT_x_VTT"
"1988_23_11_9","i8811-9",23,"WAT","VTT","WAT_x_VTT"
"1988_23_12_22","i8812-22",23,"WAT","VTT","WAT_x_VTT"
"1988_23_13_17","i8813-17",23,"WAT","VTT","WAT_x_VTT"
"1988_23_14_11","i8814-11",23,"WAT","VTT","WAT_x_VTT"
"1988_23_14_13","i8814-13",23,"WAT","VTT","WAT_x_VTT"
"1988_23_14_14","i8814-14",23,"WAT","VTT","WAT_x_VTT"
"1988_23_14_16","i8814-16",23,"WAT","VTT","WAT_x_VTT"
"1988_23_14_21","i8814-21",23,"WAT","VTT","WAT_x_VTT"
"1988_23_15_10","i8815-10",23,"WAT","VTT","WAT_x_VTT"
"1988_23_15_16","i8815-16",23,"WAT","VTT","WAT_x_VTT"
"1988_23_15_21","i8815-21",23,"WAT","VTT","WAT_x_VTT"
"1988_23_15_3","i8815-3",23,"WAT","VTT","WAT_x_VTT"
"1988_23_16_3","i8816-3",23,"WAT","VTT","WAT_x_VTT"
"1988_23_16_4","i8816-4",23,"WAT","VTT","WAT_x_VTT"
"1988_23_17_10","i8817-10",23,"WAT","VTT","WAT_x_VTT"
"1988_23_17_3","i8817-3",23,"WAT","VTT","WAT_x_VTT"
"1988_23_18_16","i8818-16",23,"WAT","VTT","WAT_x_VTT"
"1988_23_18_19","i8818-19",23,"WAT","VTT","WAT_x_VTT"
"1988_23_18_23","i8818-23",23,"WAT","VTT","WAT_x_VTT"
"1988_23_18_3","i8818-3",23,"WAT","VTT","WAT_x_VTT"
"1988_23_18_7","i8818-7",23,"WAT","VTT","WAT_x_VTT"
"1988_23_19_19","i8819-19",23,"WAT","VTT","WAT_x_VTT"
"1988_23_19_22","i8819-22",23,"WAT","VTT","WAT_x_VTT"
"1988_23_20_10","i8820-10",23,"WAT","VTT","WAT_x_VTT"
"1988_23_20_14","i8820-14",23,"WAT","VTT","WAT_x_VTT"
"1988_23_20_20","i8820-20",23,"WAT","VTT","WAT_x_VTT"
"1988_23_20_4","i8820-4",23,"WAT","VTT","WAT_x_VTT"
"1988_23_21_13","i8821-13",23,"WAT","VTT","WAT_x_VTT"
"1988_23_21_21","i8821-21",23,"WAT","VTT","WAT_x_VTT"
"1988_23_21_3","i8821-3",23,"WAT","VTT","WAT_x_VTT"
"1988_23_21_7","i8821-7",23,"WAT","VTT","WAT_x_VTT"
"1988_23_21_9","i8821-9",23,"WAT","VTT","WAT_x_VTT"
"1988_23_22_20","i8822-20",23,"WAT","VTT","WAT_x_VTT"
"1988_23_22_22","i8822-22",23,"WAT","VTT","WAT_x_VTT"
"1988_23_23_4","i8823-4",23,"WAT","VTT","WAT_x_VTT"
"1988_23_23_5","i8823-5",23,"WAT","VTT","WAT_x_VTT"
"1988_23_23_8","i8823-8",23,"WAT","VTT","WAT_x_VTT"
"1988_23_24_18","i8824-18",23,"WAT","VTT","WAT_x_VTT"
"1988_23_24_4","i8824-4",23,"WAT","VTT","WAT_x_VTT"
"1988_23_24_7","i8824-7",23,"WAT","VTT","WAT_x_VTT"
"1988_23_25_3","i8825-3",23,"WAT","VTT","WAT_x_VTT"
"1988_23_25_7","i8825-7",23,"WAT","VTT","WAT_x_VTT"
"1988_23_26_12","i8826-12",23,"WAT","VTT","WAT_x_VTT"
"1988_23_26_23","i8826-23",23,"WAT","VTT","WAT_x_VTT"
"1988_23_26_24","i8826-24",23,"WAT","VTT","WAT_x_VTT"
"1988_23_26_8","i8826-8",23,"WAT","VTT","WAT_x_VTT"
"1988_23_28_19","i8828-19",23,"WAT","VTT","WAT_x_VTT"
"1988_23_28_21","i8828-21",23,"WAT","VTT","WAT_x_VTT"
"1988_23_28_6","i8828-6",23,"WAT","VTT","WAT_x_VTT"
"1988_23_29_16","i8829-16",23,"WAT","VTT","WAT_x_VTT"
"1988_23_29_8","i8829-8",23,"WAT","VTT","WAT_x_VTT"
"1988_23_29_9","i8829-9",23,"WAT","VTT","WAT_x_VTT"
"1988_23_30_15","i8830-15",23,"WAT","VTT","WAT_x_VTT"
"1988_23_30_24","i8830-24",23,"WAT","VTT","WAT_x_VTT"
"1988_23_30_5","i8830-5",23,"WAT","VTT","WAT_x_VTT"
"1988_23_31_21","i8831-21",23,"WAT","VTT","WAT_x_VTT"
"1988_23_32_14","i8832-14",23,"WAT","VTT","WAT_x_VTT"
"1988_23_32_2","i8832-2",23,"WAT","VTT","WAT_x_VTT"
"1988_23_32_21","i8832-21",23,"WAT","VTT","WAT_x_VTT"
"1988_23_32_24","i8832-24",23,"WAT","VTT","WAT_x_VTT"
"1988_23_32_7","i8832-7",23,"WAT","VTT","WAT_x_VTT"
"1988_23_32_8","i8832-8",23,"WAT","VTT","WAT_x_VTT"
"1988_23_34_15","i8834-15",23,"WAT","VTT","WAT_x_VTT"
"1988_23_34_18","i8834-18",23,"WAT","VTT","WAT_x_VTT"
"1988_23_35_15","i8835-15",23,"WAT","VTT","WAT_x_VTT"
"1988_23_35_5","i8835-5",23,"WAT","VTT","WAT_x_VTT"
"1988_23_35_8","i8835-8",23,"WAT","VTT","WAT_x_VTT"
"1988_23_36_13","i8836-13",23,"WAT","VTT","WAT_x_VTT"
"1988_23_36_15","i8836-15",23,"WAT","VTT","WAT_x_VTT"
"1988_23_36_16","i8836-16",23,"WAT","VTT","WAT_x_VTT"
"1988_23_36_24","i8836-24",23,"WAT","VTT","WAT_x_VTT"
"1988_23_36_5","i8836-5",23,"WAT","VTT","WAT_x_VTT"
"1988_23_37_14","i8837-14",23,"WAT","VTT","WAT_x_VTT"
"1988_23_37_16","i8837-16",23,"WAT","VTT","WAT_x_VTT"
"1988_23_38_13","i8838-13",23,"WAT","VTT","WAT_x_VTT"
"1988_23_38_20","i8838-20",23,"WAT","VTT","WAT_x_VTT"
"1988_23_38_4","i8838-4",23,"WAT","VTT","WAT_x_VTT"
"1988_23_39_23","i8839-23",23,"WAT","VTT","WAT_x_VTT"
"1988_23_40_20","i8840-20",23,"WAT","VTT","WAT_x_VTT"
"1988_23_40_22","i8840-22",23,"WAT","VTT","WAT_x_VTT"
"1988_23_40_4","i8840-4",23,"WAT","VTT","WAT_x_VTT"
"1988_23_41_25","i8841-25",23,"WAT","VTT","WAT_x_VTT"
"1988_23_41_6","i8841-6",23,"WAT","VTT","WAT_x_VTT"
"1988_23_42_16","i8842-16",23,"WAT","VTT","WAT_x_VTT"
"1988_23_42_21","i8842-21",23,"WAT","VTT","WAT_x_VTT"
"1988_23_42_22","i8842-22",23,"WAT","VTT","WAT_x_VTT"
"1988_23_42_4","i8842-4",23,"WAT","VTT","WAT_x_VTT"
"1988_23_43_12","i8843-12",23,"WAT","VTT","WAT_x_VTT"
"1988_23_43_17","i8843-17",23,"WAT","VTT","WAT_x_VTT"
"1988_23_44_20","i8844-20",23,"WAT","VTT","WAT_x_VTT"
"1988_23_44_23","i8844-23",23,"WAT","VTT","WAT_x_VTT"
"1988_23_44_24","i8844-24",23,"WAT","VTT","WAT_x_VTT"
"1988_23_44_4","i8844-4",23,"WAT","VTT","WAT_x_VTT"
"1988_23_44_5","i8844-5",23,"WAT","VTT","WAT_x_VTT"
"1988_23_45_20","i8845-20",23,"WAT","VTT","WAT_x_VTT"
"1988_23_45_25","i8845-25",23,"WAT","VTT","WAT_x_VTT"
"1988_23_45_6","i8845-06",23,"WAT","VTT","WAT_x_VTT"
"1988_23_6_7","i886-7",23,"WAT","VTT","WAT_x_VTT"
"1988_23_7_20","i887-20",23,"WAT","VTT","WAT_x_VTT"
"1988_23_7_21","i887-21",23,"WAT","VTT","WAT_x_VTT"
"1988_23_8_7","i888-7",23,"WAT","VTT","WAT_x_VTT"
"1988_23_9_5","i889-5",23,"WAT","VTT","WAT_x_VTT"
"1992_84_10_16","i9210-16",84,"WATxPYT1","RIT","WATxPYT1_x_RIT"
"1992_84_11_14","i9211-14",84,"WATxPYT1","RIT","WATxPYT1_x_RIT"
"1992_84_11_3","i9211-3",84,"LMT7","WATxRIT","LMT7_x_WATxRIT"
"1992_84_12_14","i9212-14",84,"WATxPYT1","RIT","WATxPYT1_x_RIT"
"1992_84_13_9","i9213-9",84,"VTT","LMT7","VTT_x_LMT7"
"1992_84_14_17","i9214-17",84,"WATxPYT1","RIT","WATxPYT1_x_RIT"
"1992_84_14_19","i9214-19",84,"LMT7","WATxRIT","LMT7_x_WATxRIT"
"1992_84_15_12","i9215-12",84,"RIT","LMT7","RIT_x_LMT7"
"1992_84_16_14","i9216-14",84,"LMT7","WATxRIT","LMT7_x_WATxRIT"
"1992_84_16_17","i9216-17",84,"LMT7","WATxRIT","LMT7_x_WATxRIT"
"1992_84_17_20","i9217-20",84,"VTT","LMT7","VTT_x_LMT7"
"1992_84_18_22","i9218-22",84,"RIT","LMT7","RIT_x_LMT7"
"1992_84_19_10","i9219-10",84,"RIT","LMT7","RIT_x_LMT7"
"1992_84_20_22","i9220-22",84,"RIT","LMT7","RIT_x_LMT7"
"1992_84_20_3","i9220-3",84,"WAT","LMT7","WAT_x_LMT7"
"1992_84_21_14","i9221-14",84,"WATxPYT1","RIT","WATxPYT1_x_RIT"
"1992_84_21_8","i9221-8",84,"LMT7","WATxRIT","LMT7_x_WATxRIT"
"1992_84_22_17","i9222-17",84,"WATxPYT1","RIT","WATxPYT1_x_RIT"
"1992_84_22_25","i9222-25",84,"MYD","WAT","MYD_x_WAT"
"1992_84_23_7","i9223-7",84,"LMT7","WATxRIT","LMT7_x_WATxRIT"
"1992_84_23_9","i9223-9",84,"WATxPYT1","RIT","WATxPYT1_x_RIT"
"1992_84_24_19","i9224-19",84,"WAT","LMT7","WAT_x_LMT7"
"1992_84_24_21","i9224-21",84,"WAT","LMT7","WAT_x_LMT7"
"1992_84_26_11","i9226-11",84,"WATxPYT1","RIT","WATxPYT1_x_RIT"
"1992_84_27_12","i9227-12",84,"RIT","LMT7","RIT_x_LMT7"
"1992_84_28_25","i9228-25",84,"WAT","LMT7","WAT_x_LMT7"
"1992_84_29_5","i9229-5",84,"LMT7","WATxRIT","LMT7_x_WATxRIT"
"1992_84_30_17","i9230-17",84,"MYD","WAT","MYD_x_WAT"
"1992_84_30_3","i9230-3",84,"WATxPYT1","RIT","WATxPYT1_x_RIT"
"1992_84_31_16","i9231-16",84,"MYD","WAT","MYD_x_WAT"
"1992_84_31_18","i9231-18",84,"LMT7","WATxRIT","LMT7_x_WATxRIT"
"1992_84_31_23","i9231-23",84,"WAT","LMT7","WAT_x_LMT7"
"1992_84_31_4","i9231-4",84,"WATxPYT1","RIT","WATxPYT1_x_RIT"
"1992_84_32_10","i9232-10",84,"RIT","LMT7","RIT_x_LMT7"
"1992_84_32_17","i9232-17",84,"MYD","WAT","MYD_x_WAT"
"1992_84_33_13","i9233-13",84,"RIT","LMT7","RIT_x_LMT7"
"1992_84_33_15","i9233-15",84,"RIT","LMT7","RIT_x_LMT7"
"1992_84_33_16","i9233-16",84,"RIT","LMT7","RIT_x_LMT7"
"1992_84_33_17","i9233-17",84,"VTT","LMT7","VTT_x_LMT7"
"1992_84_33_22","i9233-22",84,"WATxPYT1","RIT","WATxPYT1_x_RIT"
"1992_84_33_3","i9233-3",84,"MYD","WAT","MYD_x_WAT"
"1992_84_34_7","i9234-7",84,"VTT","LMT7","VTT_x_LMT7"
"1992_84_35_16","i9235-16",84,"RIT","LMT7","RIT_x_LMT7"
"1992_84_35_8","i9235-8",84,"VTT","LMT7","VTT_x_LMT7"
"1992_84_36_12","i9236-12",84,"WAT","LMT7","WAT_x_LMT7"
"1992_84_37_17","i9237-17",84,"VTT","LMT7","VTT_x_LMT7"
"1992_84_37_19","i9237-19",84,"VTT","LMT7","VTT_x_LMT7"
"1992_84_37_20","i9237-20",84,"VTT","LMT7","VTT_x_LMT7"
"1992_84_38_13","i9238-13",84,"WAT","LMT7","WAT_x_LMT7"
"1992_84_38_14","i9238-14",84,"RIT","LMT7","RIT_x_LMT7"
"1992_84_38_19","i9238-19",84,"VTT","LMT7","VTT_x_LMT7"
"1992_84_38_7","i9238-7",84,"VTT","LMT7","VTT_x_LMT7"
"1992_84_38_9","i9238-9",84,"VTT","LMT7","VTT_x_LMT7"
"1992_84_3_20","i923-20",84,"MYD","WAT","MYD_x_WAT"
"1992_84_3_22","i923-22",84,"WAT","LMT7","WAT_x_LMT7"
"1992_84_3_3","i923-3",84,"WAT","LMT7","WAT_x_LMT7"
"1992_84_3_4","i923-4",84,"WAT","LMT7","WAT_x_LMT7"
"1992_84_4_16","i924-16",84,"VTT","LMT7","VTT_x_LMT7"
"1992_84_4_2","i924-2",84,"WAT","LMT7","WAT_x_LMT7"
"1992_84_4_23","i924-23",84,"WAT","LMT7","WAT_x_LMT7"
"1992_84_6_9","i926-9",84,"RIT","LMT7","RIT_x_LMT7"
"1992_84_8_3","i928-3",84,"WAT","LMT7","WAT_x_LMT7"
"1992_84_9_11","i929-11",84,"VTT","LMT7","VTT_x_LMT7"
"1992_84_9_15","i929-15",84,"WATxPYT1","RIT","WATxPYT1_x_RIT"
"1992_84_9_17","i929-17",84,"LMT7","WATxRIT","LMT7_x_WATxRIT"
"1992_84_9_18","i929-18",84,"LMT7","WATxRIT","LMT7_x_WATxRIT"
"1992_84_9_21","i929-21",84,"RIT","LMT7","RIT_x_LMT7"
"1992_84_9_23","i929-23",84,"RIT","LMT7","RIT_x_LMT7"
"1997_52_10_2","i9710-2",52,"MYD","SLT","MYD_x_SLT"
"1997_52_11_12","i9711-12",52,"MYD","LMT5","MYD_x_LMT5"
"1997_52_11_18","i9711-18",52,"MYD","LMT2","MYD_x_LMT2"
"1997_52_11_20","i9711-20",52,"MYD","LMT2","MYD_x_LMT2"
"1997_52_11_8","i9711-8",52,"MYD","MYT4","MYD_x_MYT4"
"1997_52_12_11","i9712-11",52,"MYD","LMT5","MYD_x_LMT5"
"1997_52_12_6","i9712-6",52,"MYD","MYT4","MYD_x_MYT4"
"1997_52_13_12","i9713-12",52,"MYD","LMT5","MYD_x_LMT5"
"1997_52_13_18","i9713-18",52,"MYD","LMT2","MYD_x_LMT2"
"1997_52_13_22","i9713-22",52,"MYD","IDT6","MYD_x_IDT6"
"1997_52_14_14","i9714-14",52,"MYD","MYT4","MYD_x_MYT4"
"1997_52_15_16","i9715-16",52,"MYD","MYT4","MYD_x_MYT4"
"1997_52_16_19","i9716-19",52,"MYD","LMT3","MYD_x_LMT3"
"1997_52_21_24","i9721-24",52,"MYD","LMT2","MYD_x_LMT2"
"1997_52_24_23","i9724-23",52,"MYD","LMT5","MYD_x_LMT5"
"1997_52_25_24","i9725-24",52,"MYD","LMT5","MYD_x_LMT5"
"1997_52_27_25","i9727-25",52,"MYD","WAT","MYD_x_WAT"
"1997_52_27_6","i9727-6",52,"MYD","WAT","MYD_x_WAT"
"1997_52_28_3","i9728-3",52,"WAT","IDT6","WAT_x_IDT6"
"1997_52_29_16","i9729-16",52,"RIT","MYT4","RIT_x_MYT4"
"1997_52_30_4","i9730-4",52,"RIT","WAT","RIT_x_WAT"
"1997_52_30_9","i9730-9",52,"RIT","IDT6","RIT_x_IDT6"
"1997_52_31_24","i9731-24",52,"MYD","WAT","MYD_x_WAT"
"1997_52_32_5","i9732-5",52,"LMT5","WAT","LMT5_x_WAT"
"1997_52_32_6","i9732-6",52,"WAT","MYT4","WAT_x_MYT4"
"1997_52_34_24","i9734-24",52,"MYD","WAT","MYD_x_WAT"
"1997_52_34_5","i9734-5",52,"RIT","MYT4","RIT_x_MYT4"
"1997_52_35_16","i9735-16",52,"RIT","MYT4","RIT_x_MYT4"
"1997_52_35_9","i9735-9",52,"LMT5","RIT","LMT5_x_RIT"
"1997_52_36_6","i9736-6",52,"WAT","MYT4","WAT_x_MYT4"
"1997_52_37_11","i9737-11",52,"RIT","WAT","RIT_x_WAT"
"1997_52_39_1","i9739-1",52,"MYD","WAT","MYD_x_WAT"
"1997_52_39_2","i9739-2",52,"RIT","IDT6","RIT_x_IDT6"
"1997_52_39_3","i9739-3",52,"RIT","MYT4","RIT_x_MYT4"
"1997_52_4_18","i974-18",52,"MYD","MYT4","MYD_x_MYT4"
"1997_52_4_3","i974-3",52,"MYD","WAT","MYD_x_WAT"
"1997_52_5_21","i975-21",52,"MYD","MYT4","MYD_x_MYT4"
"1997_52_6_21","i976-21",52,"MYD","LMT5","MYD_x_LMT5"
"1997_52_6_23","i976-23",52,"MYD","WAT","MYD_x_WAT"
"1997_52_7_4","i977-4",52,"MYD","WAT+","MYD_x_WAT+"
"1997_52_7_6","i977-6",52,"MYD","LMT3","MYD_x_LMT3"
"1997_52_8_19","i978-19",52,"MYD","LMT5","MYD_x_LMT5"
"1997_52_8_8","i978-8",52,"MYD","LMT3","MYD_x_LMT3"
"1997_52_9_15","i979-15",52,"MYD","SLT","MYD_x_SLT"
"1997_52_9_21","i979-21",52,"MYD","LMT5","MYD_x_LMT5"
"1997_52_9_8","i979-8",52,"MYD","LMT3","MYD_x_LMT3"
"1997_52_9_9","i979-9",52,"MYD","LMT3","MYD_x_LMT3"
"1998_34_10_16","i9810-16",34,"MYD","VTT","MYD_x_VTT"
"1998_34_10_19","i9810-19",34,"MYD","VTT","MYD_x_VTT"
"1998_34_10_21","i9810-21",34,"MYD","VTT","MYD_x_VTT"
"1998_34_11_22","i9811-22",34,"MYD","VTT","MYD_x_VTT"
"1998_34_13_3","i9813-3",34,"MYD","VTT","MYD_x_VTT"
"1998_34_13_7","i9813-7",34,"MYD","VTT","MYD_x_VTT"
"1998_34_16_14","i9816-14",34,"MYD","VTT","MYD_x_VTT"
"1998_34_16_2","i9816-2",34,"MYD","VTT","MYD_x_VTT"
"1998_34_17_8","i9817-8",34,"MYD","VTT","MYD_x_VTT"
"1998_34_18_13","i9818-13",34,"MYD","VTT","MYD_x_VTT"
"1998_34_19_5","i9819-5",34,"MYD","VTT","MYD_x_VTT"
"1998_34_20_11","i9820-11",34,"MYD","VTT","MYD_x_VTT"
"1998_34_20_4","i9820-4",34,"MYD","VTT","MYD_x_VTT"
"1998_34_20_6","i9820-6",34,"MYD","VTT","MYD_x_VTT"
"1998_34_21_25","i9821-25",34,"MYD","VTT","MYD_x_VTT"
"1998_34_22_17","i9822-17",34,"MYD","VTT","MYD_x_VTT"
"1998_34_25_18","i9825-18",34,"MYD","VTT","MYD_x_VTT"
"1998_34_25_19","i9825-19",34,"MYD","VTT","MYD_x_VTT"
"1998_34_26_12","i9826-12",34,"MYD","VTT","MYD_x_VTT"
"1998_34_26_23","i9826-23",34,"MYD","VTT","MYD_x_VTT"
"1998_34_28_11","i9828-11",34,"MYD","VTT","MYD_x_VTT"
"1998_34_28_12","i9828-12",34,"MYD","VTT","MYD_x_VTT"
"1998_34_29_12","i9829-12",34,"MYD","VTT","MYD_x_VTT"
"1998_34_29_15","i9829-15",34,"MYD","VTT","MYD_x_VTT"
"1998_34_29_19","i9829-19",34,"MYD","VTT","MYD_x_VTT"
"1998_34_29_8","i9829-8",34,"MYD","VTT","MYD_x_VTT"
"1998_34_2_12","i982-12",34,"MYD","VTT","MYD_x_VTT"
"1998_34_30_11","i9830-11",34,"MYD","VTT","MYD_x_VTT"
"1998_34_30_24","i9830-24",34,"MYD","VTT","MYD_x_VTT"
"1998_34_31_21","i9831-21",34,"MYD","VTT","MYD_x_VTT"
"1998_34_33_10","i9833-10",34,"MYD","VTT","MYD_x_VTT"
"1998_34_36_23","i9836-23",34,"MYD","VTT","MYD_x_VTT"
"1998_34_37_12","i9837-12",34,"MYD","VTT","MYD_x_VTT"
"1998_34_37_15","i9837-15",34,"MYD","VTT","MYD_x_VTT"
"1998_34_37_18","i9837-18",34,"MYD","VTT","MYD_x_VTT"
"1998_34_37_19","i9837-19",34,"MYD","VTT","MYD_x_VTT"
"1998_34_37_23","i9837-23",34,"MYD","VTT","MYD_x_VTT"
"1998_34_38_13","i9838-13",34,"MYD","VTT","MYD_x_VTT"
"1998_34_3_18","i983-18",34,"MYD","VTT","MYD_x_VTT"
"1998_34_4_10","i984-10",34,"MYD","VTT","MYD_x_VTT"
"1998_34_4_16","i984-16",34,"MYD","VTT","MYD_x_VTT"
"1998_34_4_19","i984-19",34,"MYD","VTT","MYD_x_VTT"
"1998_34_4_2","i984-2",34,"MYD","VTT","MYD_x_VTT"
"1998_34_4_5","i984-5",34,"MYD","VTT","MYD_x_VTT"
"1998_34_6_17","i986-17",34,"MYD","VTT","MYD_x_VTT"
"1998_34_6_18","i986-18",34,"MYD","VTT","MYD_x_VTT"
"1998_34_6_23","i986-23",34,"MYD","VTT","MYD_x_VTT"
"1998_34_7_16","i987-16",34,"MYD","VTT","MYD_x_VTT"
"1998_34_7_24","i987-24",34,"MYD","VTT","MYD_x_VTT"
"1998_34_7_4","i987-4",34,"MYD","VTT","MYD_x_VTT"
"1998_34_8_13","i988-13",34,"MYD","VTT","MYD_x_VTT"
"1998_34_8_4","i988-4",34,"MYD","VTT","MYD_x_VTT"
"1998_34_9_10","i989-10",34,"MYD","VTT","MYD_x_VTT"
"1998_34_9_20","i989-20",34,"MYD","VTT","MYD_x_VTT"
"1998_34_9_8","i989-8",34,"MYD","VTT","MYD_x_VTT"
